<CustomObjectDesignV110><version>0</version><globalObjectType>$SecondaryFormInvoicesQ1</globalObjectType><name>SecondaryFormInvoices</name><uniqueIdentifier>identifier</uniqueIdentifier><designType>SUPPORTING</designType><scalarField><fieldName>identifier</fieldName><fieldNumber>1</fieldNumber><fieldPosition>10</fieldPosition><dataType>TEXT</dataType><detailedDataType>TEXT</detailedDataType><indexed>true</indexed><summaryField>false</summaryField><maxLength>200</maxLength><renderedOnUi>HIDDEN</renderedOnUi><extendedData><dataKey>TABINDEX</dataKey><stringValue>10</stringValue></extendedData><extendedData><dataKey>TEXTAREAROWS</dataKey></extendedData></scalarField><scalarField><fieldName>Invoice</fieldName><fieldNumber>2</fieldNumber><fieldPosition>20</fieldPosition><dataType>COMPLEX</dataType><detailedDataType>ROOTPOINTER</detailedDataType><indexed>true</indexed><summaryField>true</summaryField><maxLength>200</maxLength><renderedOnUi>NORMAL</renderedOnUi><extendedData><dataKey>ROOTTYPE</dataKey><stringValue>Shipment</stringValue></extendedData><extendedData><dataKey>OQLFILTER</dataKey></extendedData><extendedData><dataKey>TABINDEX</dataKey><stringValue>20</stringValue></extendedData><extendedData><dataKey>TEXTAREAROWS</dataKey></extendedData></scalarField><codSection></codSection><schemaVers>V15_4</schemaVers></CustomObjectDesignV110>