<CustomObjectDesignV110><version>0</version><globalObjectType>$PrimaryFormInvoiceQ1</globalObjectType><name>PrimaryFormInvoice</name><uniqueIdentifier>identifier</uniqueIdentifier><designType>PRIMARY</designType><scalarField><fieldName>identifier</fieldName><fieldNumber>1</fieldNumber><fieldPosition>10</fieldPosition><dataType>TEXT</dataType><detailedDataType>TEXT</detailedDataType><indexed>true</indexed><summaryField>false</summaryField><maxLength>200</maxLength><renderedOnUi>HIDDEN</renderedOnUi><extendedData><dataKey>TABINDEX</dataKey><stringValue>10</stringValue></extendedData><extendedData><dataKey>TEXTAREAROWS</dataKey></extendedData></scalarField><scalarField><fieldName>Invoice</fieldName><fieldNumber>2</fieldNumber><fieldPosition>20</fieldPosition><dataType>COMPLEX</dataType><detailedDataType>ROOTPOINTER</detailedDataType><indexed>true</indexed><summaryField>true</summaryField><maxLength>200</maxLength><renderedOnUi>NORMAL</renderedOnUi><extendedData><dataKey>ROOTTYPE</dataKey><stringValue>Shipment</stringValue></extendedData><extendedData><dataKey>OQLFILTER</dataKey></extendedData><extendedData><dataKey>TABINDEX</dataKey><stringValue>20</stringValue></extendedData><extendedData><dataKey>TEXTAREAROWS</dataKey></extendedData></scalarField><scalarField><fieldName>InvoicesTotalAmounts</fieldName><fieldNumber>3</fieldNumber><fieldPosition>30</fieldPosition><dataType>NUMBER</dataType><detailedDataType>DECIMAL</detailedDataType><indexed>true</indexed><summaryField>true</summaryField><maxLength>200</maxLength><renderedOnUi>READONLY</renderedOnUi><extendedData><dataKey>TABINDEX</dataKey><stringValue>30</stringValue></extendedData><extendedData><dataKey>TEXTAREAROWS</dataKey></extendedData></scalarField><linkField><fieldName>AdditionalInvoices</fieldName><fieldNumber>1</fieldNumber><description>SelectAddtionalInvoices</description><fieldPosition>10</fieldPosition><linkToDesign>SecondaryFormInvoices</linkToDesign><renderedOnUi>NORMAL</renderedOnUi><isCollection>true</isCollection></linkField><eventField><fieldName>onCreate</fieldName><fieldNumber>1</fieldNumber><fieldPosition>10</fieldPosition><eventType>CREATEEVENT</eventType><functionName>populateOnCreate</functionName></eventField><eventField><fieldName>onSave</fieldName><fieldNumber>2</fieldNumber><fieldPosition>10</fieldPosition><eventType>SAVEEVENT</eventType><functionName>populateOnSave</functionName></eventField><scriptingFeature><enabled>true</enabled></scriptingFeature><attachmentFeature><enabled>true</enabled></attachmentFeature><anchor><transactionType>Shipment</transactionType><isCollection>true</isCollection></anchor><visibilityType>TRANSACTION</visibilityType><roleSecurity><role>Buyer</role><action>create</action></roleSecurity><roleSecurity><role>Buyer</role><action>modify</action></roleSecurity><roleSecurity><role>Seller</role><action>create</action></roleSecurity><roleSecurity><role>Seller</role><action>modify</action></roleSecurity><roleSecurity><role>ObjectCreator</role><action>modify</action></roleSecurity><codSection></codSection><schemaVers>V15_4</schemaVers><apiVersion>310</apiVersion></CustomObjectDesignV110>