<PlatformModule><__metadata><apiVersion>400</apiVersion><type>PlatformModule</type><uid>136342396</uid><createTimestamp>2015-09-22 17:45:34.745</createTimestamp><modifyTimestamp>2015-09-22 20:33:48.695</modifyTimestamp><status>Active</status><fingerprint>7a1337b2f8f835176952f09ec95c098e</fingerprint></__metadata><moduleId>136342396</moduleId><createTimestamp>2015-09-22 17:45:34.745</createTimestamp><modifyTimestamp>2015-09-22 20:33:48.695</modifyTimestamp><authorId>-1</authorId><authorType>Organization</authorType><ownerId>5717989018004281</ownerId><ownerType>TradeCustomer</ownerType><name>InvoiceSelectorExample</name><description>Quick demo to show Adidas how the user interface would look with an embedded object used to select multiple invoices</description><customUiConfiguration><globalObjectType>$PrimaryFormInvoiceQ1</globalObjectType><uiType>STANDARD</uiType></customUiConfiguration><userVersion>demo</userVersion></PlatformModule>